,N,$1/(\frac{n}{2}\gamma_n+1)$,$N_n(\gamma_n)/n$,$\theta_n \log n$,$N(\theta_n)/(\log n)$
0,10,0.3601111009778231,0.1766892830243066,0.0013906786225869638,2.644590178270092e-06
